username,level_ix,credits
SHERRYCHAN,1,53
rico,1,724
takeie,1,92
cccshop,1,289
ANADA,1,166
heather,1,964
gxgcyf,1,321
wghj,1,712
penghai,1,599
nn,1,857
wanglei,1,488
ttwolf,1,868
nidyliu,1,876
polo9988,1,249
sunning0000,1,921
lapaga,1,857
yvonne,1,41
WCH139888,1,637
May,1,63
dlj,1,403
liuti7801,1,828
hslx,1,931
popdavid,1,170
yierdy,1,57
sungirl1974,1,776
nn11,1,710
hjlove,1,221
wendy66,1,973
limin,1,205
tsc_00521,1,106
qingyan,1,916
qjfy520,1,562
llq20777548,1,429
shirleysue,1,75
rebsnake,1,91
xiaolark,1,228
1978,1,865
allang365,1,644
gaojie128,1,624
amanda,1,188
SZE,1,68
wuice,1,777
yanglili_66,1,679
Dior,1,66
nzg623,1,292
snoopy74622,1,261
chenweier,1,430
xususan,1,365
beyond,1,536
justinlam,1,585
peng_lan,1,317
tiange,1,830
QN1020,1,199
antiahsu,1,506
xuanxuan,1,934
ANGELAROCK,1,153
enjoypopcan,1,960
stillness,1,343
artk,1,833
meridian,1,139
candylee,1,193
adderly,1,551
moneywong,1,176
kafei,1,225
nn123456,1,596
sunnydec,1,308
johnson5577,1,750
019buy,1,828
ANNE,1,891
si_yatou619,1,968
yeye217,1,166
whuut,1,928
suskimi,1,142
suskimimi,1,924
maggie,1,195
l_ing008,1,205
jianjian,1,438
sonic7,1,575
chenli,1,561
kissmickey,1,82
Belle,1,726
lee31,1,744
GUOGUO,1,566
happy28,2,597
mdj,1,290
ylchenyu,1,656
ZXM1976,1,412
wujrong,1,91
jeody,1,221
zzguo,1,831
yangyaofeng,1,490
yql1,3,959
9818,1,745
hjsmwz,1,753
erinyao,1,530
evelin,1,390
ddguan,1,359
hinetangel,1,627
lily,1,56
huangjian1009,1,399
tommy,1,827
dinglei1101,1,936
nancy,1,202
purecoffee,1,405
zhangjiajing,1,417
vclever,1,98
dingdong,1,881
ckk,1,109
wp961218,1,905
mien,1,198
xgz1007,1,273
amyla520,1,771
xiaodian,1,36
xiaoliang,1,866
anio,1,510
xin257,1,885
huijh,1,896
hongfurong,1,824
lantai2002,1,434
leslie_yy,1,698
w641230,1,186
cz810,1,836
sunnyday,1,623
zhenzhenfa,1,608
silywhzlmm,1,169
pp3850,1,22
lrr20,1,602
thlpb,1,946
dlss2002,1,922
fruitkitty,1,104
qlm56,1,198
CCKZ,1,679
lewio,1,799
cclay,1,960
xjq121,1,403
gaoduoudo,1,135
palmboutique,1,467
lcj_27437986,1,930
diana1977,1,456
huchenyiyi,1,531
dxw2001,1,290
kristy911,1,854
lily957,1,403
linda,1,450
h878583,1,44
gaoduoduo,1,867
oyqh,1,205
sellinna,1,425
tshshl,1,262
jin0283,1,788
maizi,1,410
LTBB,1,587
laurence,1,703
selina114,1,755
fx4112000,1,667
seraph,1,69
san0077,1,342
pudding,1,504
nnzjh,1,496
xiaoyu1979,1,967
loveblood,1,347
wanmeilianhua,1,836
windy923,1,136
yoyo,1,173
yy266,1,457
cancan,1,767
rong2004,1,462
secvanilla,1,12
800409,1,671
billlee,1,320
alexwang,1,587
wuji,1,974
cheny,1,112
LILI226,1,635
helenlshen,1,840
baobeiheli,1,294
koko_0901,1,950
blue_sasa,1,489
zy0818,1,842
zhouping790421,1,745
besthua,1,136
game168,1,819
xiaoshu8211,1,759
wangdanhong,1,340
kitty,1,420
sherry,3,81
yonneyu,1,146
paiyfly,1,1
STELLAMI,1,708
janehu,1,912
1231100121,1,437
chemeng,1,449
yili920,1,933
dongyingxi,1,318
asam0425asam0425,1,792
nannanljin,1,6
CHYLTX,1,653
yangmin780825,1,249
uiystyle,1,284
flcarlos,1,672
mjj1122,1,511
jesscia520,1,157
hozang,1,377
neneg,1,376
liubo11,1,626
pacrioc,1,516
Rookie,1,944
dinah,1,169
powerxb2003,1,15
jessie8103,1,566
zsl0520,1,786
confirm,1,233
whitesnow,1,807
hexiana,1,337
ww8188,1,262
tira,3,301
shanlin,1,717
mmcj,1,683
srxg,1,265
youshan,1,276
sunrana,1,583
daihairong,2,90
vickey,1,230
aprilskyzyl,1,51
hailife,1,563
lucy,1,662
tolyly,1,623
98pin,1,126
bruce,1,762
mengzuyun,1,434
zzj771019,1,882
michelleshu,1,108
wohaipa,1,895
vavaen,1,68
takifu2003,1,888
tx2002613,1,235
chenchao,1,510
hihi9988,1,700
ganping,1,963
lianjing_xie,1,714
tao8d789898,1,682
laplume,1,269
sun0517,1,299
aner,1,685
iamyoufriend,1,531
rose3888,1,598
topren,1,398
angela,1,198
vickyho611,1,792
yesh,1,369
annelau,1,470
bj151106,1,240
angela8517,1,789
whiteorchid,1,229
xyx56,1,775
luyuan,1,188
BCBG18,1,516
babudou2,1,730
belindawu5,1,104
mbhyd,1,331
lu,1,341
yindanpost,1,714
sbadj8288,1,547
yqfyqyhb,1,592
boboan,1,321
mikicn,1,826
agogohe,1,170
faye17,1,371
yaya,1,343
joanchen,1,605
belinda1110,1,995
zq66666,1,160
mabel,1,814
rourousmart,1,591
marklei1973,1,512
coco,1,786
wrs0430,1,609
xiaopiang,1,865
lilijiang2377,1,499
loushaoyuan,1,897
lylh_001,1,992
shuicunyang,1,267
chjdd6899,1,358
froinay,1,369
wqsayly,1,245
yeangelca,1,865
chenminfang1234,1,966
wildcat6315,1,232
dreammay,1,264
serene_lau,1,624
paggoh,1,770
Jasson,1,864
wangzhiyang,1,12
zxzy,1,465
520lcgyl,1,290
deanchou1,1,54
nbgirls,1,399
steprecite,1,834
king,1,973
inluck,1,363
ss131451,1,898
toleey,1,398
sthking,1,296
zheng,1,286
cc-lan,1,545
samllcy,1,864
kskkboy,1,684
shixiaoyi_1981,1,829
kuku_1981_0,1,93
swallowzhswallow,1,976
wchristine,1,603
kkxx,1,85
ljhth,1,617
sandyzsj,1,830
forla,1,300
ANN,1,11
uccua,1,743
jefferyxia,1,10
xuqizhi,1,309
linzi,1,514
sam95577,1,641
prettyxm,1,665
shuilingling1981,1,403
new_woman,1,887
hjg19760408,1,376
alanme,1,967
carol,1,179
s-3238,1,995
l-yy23,1,435
mymail828,1,192
hellolandy,1,655
fanny,1,700
annuo58002,1,533
123hero,1,226
ivanna,1,437
martha106,1,219
alin2811,1,578
phoeonix945,1,231
sanyding,1,423
ly323,1,422
sasa,1,840
qycying,1,936
wenying5678,1,158
minchen,1,984
kingdom1888,1,273
iamliver,1,30
yl125,1,329
susan,1,799
arianeyan,1,324
radwz,1,223
pcfz,1,143
chenmuyuan,1,47
mfkfv813,1,805
evonne_w,1,883
liaoliao,1,1
aizai-2004,1,356
cherl,1,816
ayiko,1,750
mayflowerie,1,300
ROYLAU,1,253
mimiG,1,363
young32,1,56
alex0620,1,190
A3374945,1,784
yellowbabe,1,350
maluyang,1,396
koko-ahha_NEW,1,929
lucy_lu,1,460
mzqr111,1,364
nonosangel,1,280
qazxqazx,1,309
evans818,1,704
teany,1,593
amy,1,851
yfive77,1,478
gracechow,1,837
vipa,1,242
gwerr222,1,957
z22y16,1,61
xyuany,1,431
thecher,1,975
freefly,1,580
lollopop,1,978
xxzxydd,1,802
joheson,1,571
zsy,1,448
candy_,1,526
candy_0516,1,285
lxclf,1,848
lili7179,1,384
uygnahz770,1,376
chrissie,1,730
tommy1978,1,522
wwboss,1,419
hzroya,1,529
cncsy,1,389
microsmile,1,359
htby,1,626
m_bird,1,52
belove7,1,383
butterfly,1,758
surat,1,641
fxpo,1,930
lhjhonor,1,728
alu,1,850
zhaoyinglan,1,66
cherry_sun,1,782
buttermilk,1,710
GONGZY,1,204
anna,1,889
yuyuyu1211,1,836
chqian,1,47
liukaiugo,1,704
csq166,1,376
ln6396,1,769
amo119,1,718
myxsky,1,282
hechunyu,1,257
wenwen,1,437
zhuzhu601120,1,416
susanbbi,1,770
helenkingxu,1,603
jenniferjj,1,704
lolo429,1,411
andyyty,1,945
pingping1116,1,490
aduo135,1,615
springshen,1,604
aylily,1,175
sunnyfuchunyan,1,63
along,1,792
dodopig,1,768
skmphotos,1,465
rachel_lailei,1,23
bettytingting,1,720
babyblue,1,528
michelle,1,827
chenqingqun,1,690
rikkycy,1,768
edan2004,1,936
yvonnery,1,378
cntlz,1,79
lauyuey,1,264
Dreaming_you,1,84
heneyluo,1,626
laozhang,1,879
liweizmd,1,518
yumel,1,954
weibaweibaweiba,1,215
lindaq,1,214
KAZOO,1,422
liyur3000,1,471
wyy960,1,89
wjf,1,30
libra_ng,1,882
sunny,1,321
luluchen,1,958
gwhq,1,827
baobei,1,263
vilovevi,1,832
celialiu1307,1,371
zx66,1,358
xixi0065,1,676
simple,1,508
treelili,1,617
joey9831,1,563
liping,1,120
judyjoe,1,717
li_zi,1,224
PENGGUI,1,970
LFLOVE320,1,176
vickymama,1,970
cocoliu,1,323
zouzoua,1,704
liangtong,1,550
idth,1,637
windows,2,537
cmn1970,1,256
fegezhang,1,959
hhlinda,1,29
longminmei,1,268
yishizhuxing,1,250
xiaoli,1,449
caochengang,1,495
xirong,1,129
pacinko,1,158
sdwfqz,1,403
jianglulu,1,844
MTOO,1,742
teddyjj,1,663
gprswei,1,782
ceasarxz,1,251
wu,1,497
patrick_xy,1,731
lenne,1,638
ferry_tao,1,315
nini327,1,658
nadia_l,1,346
jessyhao,1,754
Funkystuff,1,410
yvone,1,847
good,1,6
yocyoko,1,490
mxd1017,1,430
xiuluoren,1,680
alan_88liu,1,108
hsl123,1,503
yunw1982,1,190
gcl7742,1,630
qmqmqmqmpzpzpz,1,831
yangguangyu123,1,265
panerpang,1,830
laura6901,1,355
yuano,1,285
anita,1,361
enchantress,1,952
ming0317,1,675
jieting_zttqjj15,1,518
makiyo,1,568
baodian119,1,718
fish,1,735
luyachun123,1,414
liugm,1,497
emily_rain,1,243
phb237,1,724
xilibn,1,890
shenyuzhong,1,278
yydw24,1,719
zjzjyong_2001,1,761
pkphc,1,650
maggiettt,1,966
elva,1,508
yiyingwei18,1,898
jplaye,1,964
jassy818,1,127
asdfgh110,1,742
still2004,1,328
xiao_xin,1,88
casper80322,1,196
hanyubing,1,719
hsl,1,5
aomenyang,1,868
woaihongyan,1,324
blh821,1,15
ligangluxin,1,105
kiki_yingying,1,480
chandler,1,86
coco186,1,991
hhbwm,1,696
xyryl,1,509
passat69999,1,454
mm0401,1,353
sky136437,1,537
rjyong,1,624
beyondall1,1,670
BB_1998,1,826
michelle_fish,1,119
ksywns,1,116
joygrace,1,222
yuhui418,1,766
minmin,1,160
enya,1,504
junjian0001,1,42
wangzi,1,695
fangyan527,1,349
cym_mm,1,662
yutian,1,868
wanglu,1,115
gltying,1,545
cindysega,1,377
cs68801,1,253
keikei,1,134
y209228,1,912
cjx815,1,156
RONG,1,43
liushang,1,747
nbangelwang,1,605
fan76417,1,784
money621,1,106
kettu,1,569
wukwuk,1,852
damonding,1,327
zouguozheng,1,76
frances,1,402
huangxingyan,1,779
sally790405,1,692
Lily999,1,528
heguangxuan,1,279
ALONESAIL,1,810
qiqishghm,1,211
bmh_kd,1,628
maggie_cai,1,639
hyy1977,1,485
zhenzhen,1,382
yfashion,1,459
xuemei0309,1,146
vivian320,1,354
lijun196161,1,331
tinachu77,1,595
beatrice-huang,1,983
daijing_gz,1,129
wangchen,1,695
zf_tian,1,88
robinhood,1,353
lld_1234,1,504
Clauida,1,460
inch,1,787
meizi3335,1,557
wang5852,1,423
netskin,1,446
yerkes,1,958
fishlin,1,453
itslily,1,391
zghy1999,1,595
jessy,1,804
yh16888,1,234
wangli520,1,758
yanzhuang123,1,90
sam21sam21tw,1,597
lcl_hzl,1,467
clbaobei88,1,543
g_q_y,1,314
tom9731,1,942
wan_yf,1,767
ssto83,1,10
zlinqqc,1,748
helentang,1,709
summer1983109,1,300
gemini,1,375
effi,1,973
BAISHEDET,1,743
lily123,1,793
nancy007me,1,307
yanzi0717,1,691
zgjwqx,1,377
cathykathy,1,413
sxlaaa,1,936
ttdj,1,441
catgirl888,1,396
1234554321lyqniu,1,657
y9699,1,99
sdcroger,1,522
ming_jahn,1,53
askmenot,1,272
qjy,1,186
saorin,1,327
xhmj,1,415
Tracy,1,837
tammy,1,940
adelineab,1,56
gy6111,1,358
eve1125,1,76
mm001,1,304
wjpwu1,1,292
ivydu,1,548
yunyunxie,1,865
sisi32,1,680
vktam,1,806
VIvien,1,526
ynf,1,665
eliya,1,745
yyfq1982,1,413
amywangcn82,1,876
QZJINCHANGQING,1,140
liller,1,73
jerryB,1,947
litiantian_520,1,516
yanli_hn,1,736
flypig76,1,134
yangguangge,1,462
violetbetty,1,909
eing,1,160
hq0110,1,72
amber,1,179
yilin6699,1,260
whcotton,1,762
huang123,1,30
wuge0518,1,863
maggie_y,1,225
kaishuipaofan,1,535
lnlmns602,2,397
jenny,1,986
no914001,1,738
rll760118,1,730
zdmdezzy,1,436
cnbcc,1,993
wangguichu,1,654
yxslfq,1,293
junjun,1,503
skymoon,1,670
zhxlcat,1,442
heiye,1,199
yezi1010,1,748
vienstar,1,734
grace,1,425
dhy770107,1,924
amychanwai,3,344
lando,1,947
dawnyang1980,1,686
onewf,1,515
terry_feng,1,606
vivi8563,1,140
lmh_fwf,1,880
janicewei,1,980
zfwei1232,1,261
wngpng,1,365
lyliya,1,42
zlf000,1,114
holly,1,445
qlrwx,1,884
lzmm,1,84
jj,3,582
jonzo,1,612
yespan,1,311
ruizhiyi,1,666
sunnzhou,1,173
nccora,1,802
ivy,1,420
may_she,1,693
tulip1975,1,203
sonic,1,938
yoyo404123,1,80
lywls,1,588
violalee,1,697
wanawang,1,722
clearlakes,1,521
yejessie,1,619
my2happy,1,788
ellayan,1,82
waiting749,1,48
beibei0324,1,813
Vien,1,91
zhhldd,1,16
apple,1,809
sxj444,1,994
YINIDEKUNHUO,1,543
agudingding,1,733
bbzz1022,1,35
maggie8858,1,976
vencent,1,775
jia1950912,1,946
zhoujjuan,1,406
hlib,1,140
SUN,1,471
mmipp,1,936
janeguo213,1,264
sumili,1,782
xner7883,1,486
weiqi100100,1,328
mzhang,1,935
shixiansy,1,122
sjg,1,807
alicelxian,1,667
alicelxian1981,1,915
happy,1,575
veronica,1,127
michael920,1,913
treetree,1,183
michellemo,1,175
adcycn,1,328
chenyi2606,1,115
yt2004cn,1,592
rjsunflower,1,615
mumulin,1,299
olive,1,651
happy2007,1,359
olive_zh,1,840
yhy168,1,124
kiki827,1,101
wishguo,1,132
snoochh,1,355
wujxchn,1,382
chh,1,843
julia_2004,1,827
wusha00,1,921
hello,1,125
helf,1,863
rll2002,1,939
smc,1,107
1999cat,1,718
wangchen123,1,268
shmary,1,185
belvis,1,120
natural,1,46
abc,1,872
hyx0311,1,221
joygirl,1,488
eileenyang,1,776
graceliang,1,417
limintt,1,758
zhouqian,1,540
yukon_online,1,426
liouxingxin37,1,508
lvbingnan,1,264
angelmm,1,793
happydeoo,1,175
vicki_cheng,1,309
momo_coco,1,666
ykk-hh88,1,403
mavisttt,1,18
sedpan,1,880
luxy,1,348
ys,1,97
ilovediandian,1,444
lala,1,926
lixizi,1,298
formace,1,713
winnie_shen2004,1,672
joycedong,1,218
hxn404123,1,77
cnihnn,1,422
lanzi,1,918
dina_liu,1,324
woaiyoyo,1,865
aaqq1019,1,354
celia_lyzm,1,173
huangwenhuinx,1,805
xueryiyi,1,505
swzjy,1,111
annie427,1,40
Sabrina,1,865
affa,1,428
zhangmuzili,1,359
joey,1,209
dorothy_helium,1,966
ouanki,1,206
john_0133,1,130
zyujun,1,32
ada003,1,770
kk,1,753
xueping98,1,457
gotolilys,1,24
allsky1028,1,749
chengai7,1,675
TOYIBA,1,125
cxcici,1,638
lilypurple,1,380
wangyuhai,1,988
wangxin227,1,801
isabelli,1,40
cyr520zy,1,795
amandazo,1,858
tyj_217,1,906
yoyolulu,1,954
jessica_tu,1,51
ntdss,1,394
eva,1,912
guoyoyo,1,102
yangliu774027,1,776
raplove,1,574
koko_alair,3,543
fei625fei,1,993
wing,1,337
mingming,1,704
huangfuyan,1,433
mimijava,1,637
zz-12,1,889
ambercat,1,531
vivian,1,988
Tracy_sh,1,773
jessie,1,824
hello_xixi,1,801
ririwoo,1,533
zwjs,1,263
zhou1209,1,717
llp50955,1,712
zhu_lily520,1,104
jiemer,1,385
jeny,1,611
wzszw22,1,902
alizee,1,676
ad2001rose,1,675
inc5shop,1,346
cofey,1,706
jessica918,1,345
jingzi,1,247
spring,1,198
ranyi1984,1,251
baihuli,1,660
seesun,1,112
jessica2005,1,312
areyoukawa,1,224
gyzdj666,1,184
wygsj,1,247
yongye,1,682
worrysun,1,670
jennyxu,1,303
hmh_e,1,504
haijili,1,821
summerluo,1,433
tina,1,701
WANGHUIDONG,1,207
judy,1,931
lx206,1,33
th6000,1,373
fangfang,1,765
luqiu,1,705
sandy7611,1,232
LS,1,44
edan2008,1,523
tanaka-yumiko,1,482
laoma,1,844
cq_penjisheng,1,773
sleepcell,1,349
test18,1,667
lily1227,1,537
hqh,1,363
she-know,1,203
jiao9609,1,924
fashion-subway,1,15
Vincent,1,300
xiaoguang_0_81,1,372
SUN1981,1,333
sonic918,1,572
jojon8210,1,863
lin99lin,1,597
xiaogui,1,395
anna-g,1,186
icyblue,1,744
Iris,1,161
belagio2791,1,576
shelly817261,1,395
daisylin,1,248
unytang,1,53
candy640503,1,524
za12536,1,459
bbcc518,1,725
qiongyao333,1,248
cerlina2,1,64
bright,1,576
zeze,1,686
wangxiaojing,1,705
penaohmj,1,468
angel_99,1,222
new-christina,1,705
anitachan,1,190
taochunling,1,368
sophia47,1,269
linkey,1,243
redwhisk,1,407
dedebq,1,305
zyy_yy,1,112
tiancansilk,1,746
gg8248,1,738
xdz48,1,502
yangyi,1,979
ceciletang,1,5
tang1982cheng197,1,88
moni,1,424
jxjx,1,858
rebecca7156,1,18
zeng-wei-wei,1,513
liliya222,1,514
aq725,1,29
janklv,1,603
oxygal,1,927
csmeichen,1,827
sweetyoyo,1,355
kaka,1,294
rk309168,1,136
snowfolwer,1,470
luciayellow,1,940
sunywl,1,291
shiyishipg,1,637
liue,1,310
duocaixi,1,640
linxuejian,1,271
lisalee9292,1,432
yangduo_520,1,348
beryl363,1,445
ZQICE,1,181
alulu,1,569
mikcy,1,300
ivan,1,797
sunder,1,81
jessica,1,18
lirenhuayuan,1,844
wangyingyi,1,166
jyles,1,300
BOBO,1,1
LBOBO,1,105
violet,1,523
sammi_lll,1,80
jialilike,1,67
yuanmei1238,1,276
sophie,1,91
meiyuealice,1,631
titian_cao,1,879
candrew,1,501
keai403,1,869
weisuan_cn,1,844
xiaoxi,1,610
cutex,1,520
mer2008,1,770
sunjiansheng119,1,289
weishi555,1,805
moxiaohui,1,624
taocibaby,1,705
apple0913,1,653
mnqun,1,149
wuwangonline,1,786
annielam,1,485
agd3999,1,66
kathy,1,874
abc129238,1,172
xiaoxiami_cn,1,684
aliscyx,1,699
TOM,1,442
winnie722,1,113
lips1217,1,568
ziyewuang,1,269
sandy,1,642
icy_zhang,1,402
myfjcy,1,84
mirrorrain,1,215
chengi,1,471
ruotonggao,1,885
ylulu,1,12
makegood,1,405
nancymo,1,664
rxmrxm,1,719
sundy,1,169
qqssyp,1,686
shuguang,1,925
Cissy,1,565
phoebechan,1,553
kc1128,1,619
weixin,1,433
caimmbaby,1,310
buddhist64,1,251
likaiyihou,1,323
wang2004yong,1,862
hjl8qf,1,343
sunday,1,128
prettymama98,1,610
zqlxz,1,512
sjbql,1,554
xcxcwan,1,513
lyuan,1,861
haidiche,1,241
tracychow,1,910
wangyihui,1,408
yqlz9999,1,557
ping888,1,563
gugang,1,143
newpeach,1,24
ketu1009,1,691
cindy_miumiu,1,382
lixingshuo,1,840
ann11,1,51
wangcy,1,735
wangcunyan,1,525
ifzhang,1,417
chenlitk,1,512
jonee163,1,999
chanel_lee,1,73
last,1,370
shihong0521,1,630
wengwei1230,1,41
koner,1,315
ilagon,1,452
QQ615,1,313
susan_bbi,1,111
lm7172,1,924
gary,1,669
kavayi2000,1,478
shiho,1,386
pipilu,1,494
maheping,1,86
andy,1,488
jxy6818,1,182
chenmaggi,1,447
jess,1,688
vicky12,1,101
xrzltd,1,440
huangwanxia,1,895
yqvslii,1,156
xrlhl,1,96
xmxmm,1,13
shamaylo,1,775
hjp117,1,838
joule1818,1,865
zxq904,1,809
tong961,1,451
xuanqi,1,828
dorisyuer,1,786
Adonis,1,448
wpl007,1,880
POLLYZHANG23,1,56
cindy1315,1,32
liyazhi,1,242
gina,1,113
erichw,1,838
happysuyue,1,854
kyoko,1,204
CORLA,1,759
xiaoye0505,1,185
jingo,1,674
sanciya,1,143
kuku501,1,418
abs,1,658
scarlett0316,1,36
vian,1,206
jinghai7777,1,922
sally,1,992
yiyi,1,4
WUSHIFEN,1,433
qinxiaode,1,153
b0b0,1,463
Carey,1,859
cqsz_hd,1,943
polina,1,891
wlh_jky,1,919
lanlan1488,1,848
longcn,1,478
sedive,1,847
antoniyuan,1,802
gc8888,1,465
1979tina,1,923
amandazhao,1,217
tweety67,1,318
fhb6252997,1,937
chenyiyan,1,734
DAJIA,1,857
anappy2000,1,83
wang33057,1,326
dsm7712,1,716
fulaisi,1,603
flyaming,1,867
juliet,1,527
kkbb,1,574
sophieyu,1,778
sasha,1,170
Vannessa,1,514
Bella,1,59
crystal928,1,752
jde777,1,585
pinweiwu,1,668
liaog,1,586
liyiyi223,1,870
WENFDL,1,593
zhangyingtx,1,176
tatajun2004,1,969
teacocoa,1,549
iamvivian_love,1,835
XUEXVIP,1,528
she88,1,136
masaki,1,96
hx00178,1,72
ashybouy,1,72
paopao168,1,146
qun_gong,1,512
xiaoye555,1,121
vennyjohnson,1,68
mao0101,1,980
xialin0934,1,696
kylie,1,537
dingtao1226,1,383
sunderman,1,119
chixia75113,3,446
cl0507999,1,31
lkyaner21,1,567
yangxiaojing,1,503
QFP7952,1,791
chaochao277313,1,446
xx_i,1,859
vodee,1,955
sallie,1,197
hu1967,1,120
beautytalk,1,9
longft6688,1,685
angliula,1,399
ts8053,1,938
robertcool,1,493
maobaobao1984,1,653
huijyun,1,787
smilett,1,505
bluesky,1,524
egobuy,1,796
lotus,1,410
GOING,1,70
cony519CONY,1,107
zhaoxp888,1,602
tony_lon,1,108
sk_sunflower,1,636
katelen,1,859
candy,1,345
mldjyz,1,571
liuba,1,822
monicalike,1,396
tuzijjj,1,513
yangdounai,1,376
mldjyz222,1,341
doudou420,1,580
lgm,1,876
overover6690,1,564
rayly333,1,836
biomo,1,464
QHTF19780410,1,813
LUGGAGE,1,670
gediao8,1,912
bananaleaf,1,549
moon0508,1,10
jessop,1,402
VERYME-LI,1,980
salina,1,695
renjiedilin,1,535
tom0603,1,588
czlsw,1,337
foxcat0605,1,919
chenglchengl,1,583
xixi,1,160
zhangming0918,1,52
zhaomazi,1,781
lyx521,1,747
cy209,1,394
buzhidao,1,726
hua77629,1,66
huaikong,1,984
happy96968,1,723
annie888,1,661
csp008,1,139
kuku2341420,1,710
popi8928,1,135
ffrui001,1,933
dajia52,1,840
ziny_dudu,1,15
nndoor,1,555
tiantianquan,1,709
ken0404888,1,610
whzlmm111,1,920
takilapob,1,773
lmy38765988,1,103
fanw_hg,1,195
fensn,1,668
venus,1,756
linmei,1,607
di27ye,1,708
skyxiong,1,721
wlsljm,1,480
ght0415,1,236
zlgood,1,998
quguilin,1,768
vinco,1,846
shixiang299,1,667
yangld,1,69
abyiruen,1,345
leuhui,1,518
zhanglf23,1,556
yt,1,224
xjaj8708,1,452
yqn4444,1,585
liyajie_006,1,159
ningmengcao,1,41
joanna-yip,1,520
sand,1,414
dandan,1,508
fjfdslfs,1,301
aliceliu,1,979
jmirror,1,993
ksp,1,153
chinajia,1,685
chenboan,1,969
luckmeifang,1,787
visionlin,1,789
lswlswlsw,1,855
xxin,1,908
shenman,1,975
AMYSZ,1,34
taner,1,158
Mark,1,633
sundermans,1,690
chensiyi,1,551
raying,1,686
alan18181,1,829
wawa9145,1,812
kuangsp188,1,573
lxlwhj,1,428
zhaojun,1,818
hushengjun,1,515
ytyfsn,1,119
eutecfion,1,51
belive66,1,900
happy968,1,29
mixt,1,106
yishitaiping,1,443
xixiIneed,1,898
katata,1,106
tanglingli,1,50
isabellayan,1,932
jennybaofu,1,83
kylin1211,1,594
xiaofangpan,1,818
tylifang,1,930
liuli,1,195
chen6125,1,338
heiyan,1,137
make108,1,671
yanbaobao,1,709
pauline,1,712
cweif,1,433
WENHENG1981,1,30
netzww,1,849
uubaby,1,157
edema,1,237
kelsey_jia,1,712
verybeautiful,1,852
vicky,1,123
lyouwen,1,59
gbhood,1,926
sky-1123,1,61
zuoan,1,856
jeanne,1,96
janelin,1,913
lojmxc,1,276
sophier,1,643
samueljhk,1,385
angelazhang,1,996
dg58010277,1,824
ceciletangqi,1,131
mandy226,1,186
nicole1980,1,536
ronger200315,1,120
ccc123,1,993
catpp1122,1,606
cuiwei,1,51
slwy,1,35
wxy20034,1,860
yan20,1,198
Lily125,1,444
lclc81,1,999
wangxin7623,1,663
yanjiangling,1,316
nana1209,1,592
axlzff,1,13
hadeschiu,1,289
dfby001,1,406
lizhouqiong,1,161
LP413,1,590
zmmgirl,1,466
lhl606,1,559
jjl,1,398
jennyxia0088,1,311
luoqian,1,362
lily_he,1,877
win513868,1,297
blackfoxz,1,857
jjunn128,1,392
peggyyao77,1,389
Bewin,1,672
micro1123,1,58
luying,1,272
SFENTER,1,188
sea022,3,122
zsy81321,1,47
meiman,1,867
ivy0216,1,195
yinluojie,1,374
ly46,1,284
luojiangying,1,300
elene,2,645
huiang,1,329
TANGTANG,1,706
sonion,1,546
huhu0612,1,610
mingming123,1,412
Fairlady,1,230
ashion,1,913
djql22,1,877
weizi,1,586
xlin0327,1,1
bei8949,1,248
xiaoyu,1,236
sunshine,1,436
joey___999,1,57
holloyang,1,864
aderline,1,148
south,1,151
if,1,310
VIPXO,1,99
khbuc,1,562
jessicaqian1,1,516
suner1981,1,893
glily,1,916
zxhu,1,900
douzi2858,1,753
youyou_wjj,1,66
laura,1,156
chenwei768,1,569
forgetmenot,1,375
ZHUZHU,1,169
aket,1,319
jk13288,1,307
ql740118,1,576
wenzi1981_1981,1,74
wwwei,1,213
nisaixiong,1,605
hblue,1,387
hyt76,1,118
amyyang8,1,430
dzg112233,1,798
huyingzi,1,699
zhouxixw,1,399
freebird5118,1,296
hcshlong,1,383
galin7383,1,28
elaine,1,989
COCOMSN,1,863
anna-sui,1,349
menglan,1,726
jyun_ro,1,165
baby7707520,1,650
liyang,1,752
seabrain,1,810
sesandy,1,793
zhab0012,1,535
camel,1,885
gecui,1,387
jenny_8_31,1,947
huanghai,1,34
shlminne,1,120
ffok,1,267
pandazjj,1,975
tenlove,1,73
vivi337449,1,442
huaan9527,1,992
happynan,1,633
jinyiF,1,190
lidya777,1,51
mirror,1,686
leogan,1,277
meliyuan1979,1,324
wjz21120,1,792
ywh343,1,985
dong,1,551
zouwei,1,359
zaizaix,1,736
WFF,1,602
cocosasa,3,803
lxylhgy,1,208
liwenli2004,1,632
ston740507,1,536
tibingbing,1,785
xxplove,1,317
ybzc3,1,229
leewells,1,195
sabrina73833,1,289
dbpenny,1,859
liuliushen,1,427
thegirlinred,1,559
mama131,1,890
zls1977,1,912
ssmai,1,888
yhjanywn,1,705
echo,1,861
junhaoqiu,1,188
tracy88,1,221
irenechm,1,37
awnlet,1,519
chengli2005,1,485
volins,1,866
annieyuan,1,876
xuanxuan530,1,781
jia-xiaojun,1,389
tsaotp,1,812
chengzi76,1,893
hzyi,1,29
smithyoon,1,467
